cutpoint	statistic
Sig.6	0.348073854	1.42867384416028
